City of St. Paul, MN
City of Hurst, TX
City of Duluth, MN
City of Fort Saskatchewan, CAN
City of Hemet, CA
Town of Gilbert, AZ
City of Billings Police Department, MT
City of Middleton, WI
Town of Ashland, MA
City of Bloomington, MN
City of Shoreview, MN
Montgomery County, PA
City of Wooster, OH
Town of Northlake, TX
City of Milpitas, CA
City of Pompano Beach
City of Camden, NJ
Victoria Dept. of Environment, Land, Water & Planning, AUS
Town of Croydon, UK
Pierce County, WA
Riverside County, CA
City of London, Ontario, CAN
City of Edmonton, Alberta, CAN
Capitol Region Watershed District, MN
City of Tacoma, WA
State of Delaware
City of San Bernardino Police Department
City of Baldwin, GA
Volusia County, FL
City of Palm Bay Fire Department
City of Detroit, MI
New Bedford, MA
Chapel Hill, NC
Accomack County, VA
Adams County, CO
Alameda County Water District, CA
Alameda County, CA
Alexandria Louisiana
Allegan County, MI
Allegheny County Department of Human Services, PA
American Water
Antis Township
Apache Junction Water District, AZ
Arapahoe County Colorado
Association of Environmental Authorities, NJ
Athens-Clarke County
Athens-Clarke County Unified Government
Atlantic County Utilities Authority, NJ
Augusta-Richmond County, GA
Aurora Water, Colorado
Austin Water
Barnes County
Barry County, MI
Barton County, KS
Barton Springs Edwards Aquifer Conservation District
Bay Area Water Supply and Conservation Agency
Beaufort County, SC
TestAffiliation
Beaumont - Cherry Valley Water District
Bedford, NH
Bellyache Ridge Metro District
Bergen County Utilities Authority
Bexar County Hospital District
Boca Raton, FL
Bolingbrook Park District, IL
Borough of Bound Brook
Borough of Butler, NJ
Borough of Far Hills, NJ
Borough of Indiana
PNWER
Borough of Paramus, NJ
Borough of Phoenixville
City of Gloucester
Borough of Somerville, NJ
Boston Planning and Development Agency
Boxelder Stormwater Authority
city of newport news
Bradford County, PA
Brick Township Municipal Utilities Authority, NJ
Lafayette Consolidated Government
Bridgeport Landing, CT
Broward County, FL
Brown County, KS
Buffalo Grove Park District
Bureau of Engineering, Environmental Engineering Division
SCAG
Buffalo Sewer Authority
Câmara Municipal de Faro
Buncombe County, NC
Bureau of Land Mgt
Burlington County Board of Social Services
Burlington County Bridge Commission
Burlington Township, NJ
Butler County, KS
Cabarrus County, NC
Economic development director for Washington County Ohio
CAL Fire
Calcasieu Parish, LA
California Governor's Office of Business and Economic Development
City of Geelong, Australia
City of Hopkins
City of Memphis, TN
City of Mill Valley, CA
City of Paso Robles, CA
City of Mansfield, TX
Clay County, FL
City of Hamburg, Germany
City of Topeka, KS
City of Grand Rapids, MI
City of Stockbridge, GA
City of Edmonton, AB CAN
City of South Fulton, GA
CAL Fire
City of Olathe, KS
Laguna Beach, CA
City of Vancouver, WA
City of Tacoma, WA
City of Montgomery, Ohio
Montgomery County
Milwaukee County, WI
Harris County, TX
City of Eugene, OR
City of Salt Lake City, UT
City of Middletown, CT
Camden County Board of Commissioners
City of St. George, UT
City of Chicago, IL
City of Sherman
City of Mount Vernon, NY
Town of Glendale Heights
City of Fountain Hills
Washington DC
Town of Edinburgh
Village of West Dundee, IL
City of Marietta, GA
City of Pueblo, CO
Camden County MUA
Hagerstown, MD
Camden County, GA
Camden County, NJ
City of Puyallup
Cape Cod Regional Transit Authority
Cape May County MUA, NJ
Capital Region Water, PA
Carson City, NV
Carver County, MN
Central Arkansas Water
Central Basin Municipal Water District, CA
Central Utah Water Conservancy District
Champaign County, IL
Local Government, Municipality of Anchorage
Charleston County, SC
Charlotte County, FL
Charter Township of Canton, MI
Charter Township of Ypsilanti, MI
Chatham Borough, NJ
Local Gov Name
Chatham County, GA
Chaves County
Cherokee County Water & Sewerage Authority
Chesilhurst Borough
Chester County Water Resources Authority
Chicago Park District
Chippewa County
Louisville Metro Government
Louisville Metro Government - Office of Civic Innovation
Louisville Metro
City & Borough of Juneau
Bexar County Small Business & Entrepreneurship Dept.
City & Borough of Juneau, AK
City and County of San Francisco
City and County San Francisco
City of Ada, OK
City of Akron, OH
City of Albany, GA
City of Albany, NY
City of Albuquerque, NM
MARTA
City of Alexandria, VA
City of Alice, TX
City of American Fork
City of Ames, IA
Develop Louisville
City of Kansas City, Missouri 
Rhode Island Infrastructure Bank
City of Anchorage, Alaska
City of Andover, KS
City of Angleton, TX
City of Angleton, TX
City of Ankeny, IA
City of Anna, TX
City of Apple Valley, MN
Commonwealth of Kentucky
State of New South Wales, Australia
City of Arvada, CO
City of West Allis, WI
City of Sudbury, MA
City of Asbury Park, NJ
Placer County, CA
City of Champlin, MN
City of Asheville, NC
City of Aspen, CO
City of Atlanta, GA
City of Auburn, AL
City of Aurora, Co
New City Somelace
New Place There
City of Austin, TX
City of Avondale, AZ
City of Baltimore
City of Bastrop, TX
City of Batavia, IL
City of Baton Rouge, LA
City of Battle Creek, MI
City of Baytown, TX
City of Beaver, UT
City of Bedford, TX
City of Bellingham, WA
City of Benicia, CA
City of Benton Harbor
City of Berkeley
City of Berwyn, IL
City of Bessemer, AL
City of Beverly Hills, CA
City of Biddeford, ME
City of Birmingham, MI
City of Bloomington, IL
City of Bluffdale
City of Boston
Istanbul
City of Boston, Department of Innovation of Technology
City of Boulder, CO
City of Bowie, TX
City of Bowling Green, KY
City of Boynton Beach, FL
City of Hillsboro
City of Brandon, MS
City of Brenham, TX
City of Brewer, ME
City of Brighton, CO
City of Bristol, CT
City of Buena Park, CA
City of Buffalo, NY
City of Bullard, TX
Wangaratta
City of Burbank, CA
City of Burlingame, CA
City of Burlington, VT
City of Burton
City of Caldwell, ID
City of Canon City, CO
City of Greater Bendigo
City of Carlsbad, CA
City of Casa Grande
City of Cedar City, UT
City of Cedar Falls, IA
City of Cedar Hill, TX
City of Cedar Hills, UT
City of Cedar Park, TX
Giza
City of Centennial, CO
City of Centerville
City of Chandler, AZ
Boston Water and Sewer Commission
City of Charleston
City of Charlotte, NC
City of Cherry Hills Village
City of Cheyenne, WY
Buena Vista and Pocahontas County SWCDs
California American Water
City of Chula Vista, CA
City of Cincinnati, OH
City and County of Denver
City of Clearfield
City of Clearwater, FL
City of Cleburne, TX
City of Cleveland, OH
City of Clifton, NJ
City of Clovis (NM)
City of Colby, KS
City of College Park, GA
City of College Park, MD
City of College Station, TX
City of Collierville
City of Columbia, IL
City of Columbia, SC
City of Columbus
City of Columbus (NM)
City of Columbus, MS
City of Columbus, WI
City of Commerce City
City of Concord, CA
City of Coppell, TX
City of Coral Gables, FL
City of Coronado, CA
City of Corpus Christi, TX
City of Cortez, CO
City of Costa Mesa, CA
City of Cottonwood Heights, UT
City of Cottonwood, AZ
City of Creston, IA
City of Crystal Lake, IL
City of Cudahy, CA
City of Cullman, AL
City of Culver City, CA
City of Dacono, CO
City of Dade City
City of Dallas, TX
City of Daly City, CA
City of Danville, VA
City of Dayton, OH
City of Dearborn, MI
City of Decatur, AL
City of Decatur, GA
City of Decatur, IL
City of DeKalb, IL
City of Del Mar, CA
City of Del Rio, TX
City of Delano, CA
City of Denton
City of Denver, CO
City of Detroit Water and Sewerage Dept.
City of Diamond Bar
City of Dickinson
City of Dixon, IL
City of Doral, FL
City of Dothan, Alabama
City of Douglasville, GA
City of Dover
City of Dublin, CA
City of Dublin, Ireland
City of Dublin, Ohio
City of Dubuque, IA
City of Dunwoody
City of Duquesne, PA
City of Durango, CO
City of Durham, NC
City of Durham, NC
City of Eagan, MN
City of Eagle Pass, TX
City of East Carbon, UT
City of East Orange, NJ
City of East Palo Alto, CA
City of East Providence, RI
City of Easton
City of Eau Claire, WI
City of Edwardsville, IL
City of El Campo, TX
City of El Paso de Robles, CA
City of El Paso, TX
City of Elgin
City of Elmhurst, IL
City of Encinitas, CA
City of Englewood, CO
City of Ephraim, UT
City of Erie, PA
City of Escondido
City of Euless
City of Evans
City of Evanston, IL
City of Everett (WA)
City of Fairburn, GA
City of Fairhope, AL
City of Fairview
City of Falls Church, Va.
City of Farmers Branch, TX
City of Farmington Hills, MI
City of Fayetteville AR
City of Fayetteville, AR
City of Fayetteville, GA
City of Fayetteville, NC
City of Federal Way
City of Fenton, MI
City of Ferndale, MI
City of Fernley
City of Fitchburg, MA
City of Flagstaff, AZ
City of Florence, Alabama
City of Foley, AL
City of Folsom, CA
City of Forest Grove, OR
City of Fort Collins, Co
City of Fort Lauderdale, FL
City of Fort Wayne
City of Fort Worth, TX
City of Fountain, CO
City of Framingham, MA
City of Franklin, Tennessee
City of Franklin, TN
City of Fraser, Michigan
City of Freeport, IL
City of Freeport, NY
City of Frisco, TX
City of Gadsden, AL
City of Gainesville, GA
City of Gaithersburg (MD)
City of Gallup, NM
City of Galveston, TX
City of Garden City, GA
City of Garland, TX
City of Gary, IN
City of Geneseo, IL
City of Georgetown, TX
City of Germantown
City of Glendale (AZ)
City of Gloucester, MA
City of Golden, CO
City of Goldsboro, NC
City of Goodyear, AZ
City of Grand Prairie, TX
City of Greeley (CO)
City of Green River, UT
City of Greenbelt
City of Greenville, NC
City of Gresham, OR
City of Gulf Shores, AL
City of Gulfport, MS
City of Hackensack, NJ
City of Hampton, VA
City of Hanford
City of Harker Heights, TX
City of Harrison, AR
City of Hays, KS
City of Heber City, UT
City of Henderson, NV
City of Hermiston, OR
City of Hickory
City of Highland Park, IL
City of Hildale, UT
City of Hillsboro, OR
City of Hoboken, NJ
City of Hogansville, GA
City of Hollywood, FL
City of Hot Springs, AR
City of Houston, TX
City of Huntington
City of Huntington Beach, CA
City of Huntsville
City of Huntsville, AL
City of Hurricane, UT
City of Hutchinson, KS
City of Hutto, TX
City of Hyattsville, MD
City of Hyde Park, UT
City of Imperial Beach, CA
City of Indianapolis
City of Iowa City, IA
City of Irvine, CA
City of Ithaca
City of Jacksonville, FL
City of Jersey City, NJ
City of Joliet, IL
City of Joplin
City of Junction City, KS
City of Kalamazoo
City of Kannapolis
City of Kansas City, MO
City of Kaysville, UT
City of Kennesaw, GA
Liberty Utilities
City of Kerrville, TX
City of Key West, FL
City of Kilgore
City of Killeen, TX
City of Kingman, AZ
city of kingsburg, CA
City of Kingston
City of Kingsville, TX
City of Kinston
City of Kinston, NC
City of Kitchener,  ON CAN
City of La Mesa, CA
City of La Porte
City of Lacey (WA)
New Braunfels Utilities
City of Lago Vista, TX
City of Lagrange, GA
City of Lake Forest, IL
Riverside Public Utilities
City of Lakeport, CA
City of Lancaster (PA)
City of Lansing, MI
City of Laramie, WY
City of Largo, CA
City of Las Cruces, NM
City of Las Vegas, NV
City of Laurel
City of Lawrence, KS
City of Leavenworth, KS
City of Lebanon Missouri
State of Utah, Department of Environmental Quality
Suburban Water Systems
City of Lees Summit
City of Lehi, UT
City of Lewisville
City of Lexington
City of Lima, OH
City of Lincoln, NE
City of Little Rock, AR
City of Littleton
City of Livermore, CA
City of Livonia, MI
City of Logan, UT
City of Lompoc, CA
City of Long Beach, CA
City of Longmont, CO
City of Los Angeles, CA
City of Louisville, KY
City of Loveland, CO
City of Lubbock, TX
City of Macomb
City of Madera
City of Madison, WI
City of Manhattan Beach, CA
City of Manhattan, KS
City of Manitou Springs, CO
City of Manter KS
City of Maple Grove, MN
City of Maricopa, AZ
Water Policy Advisory Committee
Water Resources Advisory Board
City of Marion, IA
City of Marion, IL
City of Martinsville, VA
City of Mattoon, Illinois
Valley Water
Moscow
Birmingham
City of McDonough, GA
City of McHenry, IL
City of Medford, OR
City of Memphis Housing and Community Development
City of Menlo Park, CA
City of Meriden, CT
City of Meridian, MS
Smart Cities Mission, Ministry of Housing & Urban Affairs, Govt. of India
City of Mesa, AZ
City of Mesquite, NV
City of Methuen
City of Miami Beach, FL
City of Miami, FL
City of Midvale, UT
City of Midwest City, OK
City of Milford, CT
San Diego Community College District
San Diego Convention Center
City of Millbrae, CA
San Diego Regional Airport Authority
SANDAG
City of Minnetonka, MN
League of CA Cities
City of Mission (KS)
City of Moab, UT
City of Mobile, AL
City of Moline, IL
City of Monroe, GA
City of Monterey Park, CA
Montgomery County Government
City of Mountain View, CA
City of Myrtle Beach, SC
City of Napa, CA
City of Naperville, IL
City of Mount Vernon
City of Naples City, UT
City of Nashville
City of New Berlin, WI
City of New Britain, CT
City of São Paulo
City of New Haven, CT
CPS HR Consulting
City of New Orleans, LA
Cochrane
City of New York, NY
Center for Government Innovation, WA State Auditor's Office
City of Newark, NJ
City of Newcastle OK
City of Newnan, GA
City of Newton, KS
City of Nibley, UT
City of Nichols Hills, OK
City of Nogales, AZ
City of Norfolk, Virginia
City of North Charleston, SC
City of North Mankato
City of Northfield
City of Northglenn, CO
City of Northport, AL
City of Novato, CA
City of Novi, MI
City of Oak Ridge
City of Oakland Park, Florida
City of Oakland, CA
City of Oberlin, OH
City of Ocean City NJ
City of Oceanside, CA
City of Omaha, NE
City of Ontario
City of Opelika, AL
City of Orange (TX)
City of Orlando, FL
City of Osawatomie, KS
City of Ottawa, ON
City of Overland Park
City of Owensboro, KY
City of Oxnard, CA
City of Ozark, AL
City of Ozark, MO
City of Palestine, TX
City of Palm Bay, FL
City of Palm Coast, FL
City of Palmdale, CA
City of Palo Alto, CA
City of Paradise, UT
City of Park City, UT
City of Park Ridge, IL
City of Pawtucket
City of Payson (UT)
City of Pearl, mS
City of Pearland, Texas
City of Perris
City of Perth Amboy, NJ
Hudson River - Black River Regulating District
City of Pflugerville, Texas
City of Philadelphia Department of Commerce
City of Philadelphia, PA
City of Phoenix, AZ
City of Pierre
City of Pinellas Park, FL
City of Pittsburgh
City of Placentia, CA
City of Plainfield, NJ
City of Plano, TX
City of Pleasanton, CA
City of Port Lavaca, TX
City of Portland, Maine
City of Portland, Oregon
City of Poway, CA
City of Prattville, AL
City of Prior Lake, MN
City of Providence City, RI
City of Quincy, IL
City of Raleigh, NC
City of Rancho Cucamonga, CA
City of Rapid City, SD
City of Reading, PA
City of Redlands, CA
City of Reidsville, NC
City of Reno, NV
City of Richardson
City of Richmond (CA)
City of Richmond, VA
City of Ridgeland, mS
City of Riverside, CA
City of Riverview, MI
City of Roanoke, VA
City of Rochester Hills,  MI
City/County Association of Governments of San Mateo County
City of Rochester NY
City of Rock Island, IL
City of Rockford, IL
City of Rockville Maryland
City of Rockville, MD
City of Rolling Meadows, IL
City of Rome, GA
City of Romulus, MI
City of Rosemead, CA
City of Roseville, CA
City of Sacramento
City of Salem, MA
City of Salina, KS
City of Salinas, CA
City of San Antonio, TX
City of San Bernardino, CA
City of San Clemente, CA
City of San Diego, CA
City of San Elizario, TX
8th Judicial District of Kansas
City of San Fernando, CA
City of San Joaquin, CA
City of San Jose, CA
City of San Juan, TX
City of San Leandro, CA
City of San Luis Obispo, CA
City of San Marcos, TX
City of Sandy Springs, GA
Bessemer IT
Board of Fire Commissioners., Manalapan Twp Fire District 2
City of Sandy, UT
City of Sanford, NC
City of Santa Barbara, CA
City of Santa Cruz, CA
City of Santa Fe, NM
City of Santa Monica, CA
City of Santa Rosa, CA
City of Sarasota, FL
City of Savannah, GA
City of Scottsdale, AZ
City of Scranton
City of Seabrook TX
City of SeaTac, WA
City of Seattle, WA
City of Seguin, TX
City of Sequim, WA
City of Seward, AK
City of Sheboygan, WI
City of Shoreline, WA
City of Sierra Madre, CA
City of Signal Hill, CA
City of Simi Valley, CA
City of Sioux Falls
City of Smithfield, UT
City of Smyrna, GA
City of Snohomish
City of Socorro
City of Solana Beach, CA
City of Somerville, MA
City of Sonora, CA
City of South El Monte, CA
City of South Jordan, UT
City of South Salt Lake, UT
City of Southfield, MI
City of Spanish Fork, UT
City of Springfield, IL
City of St. Charles, IL
City of St. Louis
City of St. Louis Park
City of St. Petersburg, FL
City of Steamboat Springs, CO
City of Stockton
City of Suffolk, VA
City of Sugar Hill
City of Sunnyvale, CA
City of Surprise, AZ
City of Syracuse (UT)
City of Takoma Park, MD
City of Tallmadge, OH
City of Tamarac
City of Tampa, FL
City of Tarrant
City of Tavares, FL
City of Tempe, AZ
City of Thornton, CO
City of Thousand Oaks, CA
City of Tifton, GA
City of Toledo, OH
City of Tomball, Texas
City of Tooele, UT
City of Toronto, CAN
City of Torrance, CA
City of Troy, Alabama
City of Tucson, AZ
City of Tukwila, Washington
City of Tuscaloosa, AL
City of Tustin, CA
City of Union City (GA)
City of Universal City
City of Upland, CA
City of Urbana, IL
City of Vallejo, CA
City of Vancouver, BC
City of Vassar, MI
City of Venice, FL
City of Ventnor City, NJ
City of Vineland, NJ
City of Virginia Beach, VA
City of Vista, California
City of Waco, TX
City of Walker, MI
City of Warrenville, IL
City of Warwick, RI
City of Wasco, CA
City of Washougal
City of Waterbury, CT
City of Wentzville, MO
City of West Columbia, SC
City of West Wendover, NV
City of Westminster, CO
City of Wheaton, IL
City of White Settlement, TX
City of Whittier
City of Wilmington
City of Wilmington, NC
City of Wilton Manors, FL
City of Windcrest, TX
City of Winfield, KS
City of Winston-Salem
City of Wisconsin Rapids, WI
City of Wood Dale, IL
City of Woodbury, MN
City of Woodland Hills, UT
City of Woodstock, IL
City of Wray, CO
City of Wyoming, MI
City of Yuma, AZ
City of Zanesville, OH
Clarendon County Council
Clayton County Board of Commissioners
Clayton County, GA
Cleantech San Diego
Cloud County, KS
Coachella Valley Water District
Coastside County Water District
Cobb County, GA
Coffey County, KS
Colbert County Commission, AL
College of Charleston
Collier County, FL
Colorado Water Conservation Board
Colorado Workforce Development Council
Columbia County, GA
Columbia Shuswap Regional District
Columbus Consolidated Government, GA
Columbus Consolidated Govt. IT, GA
Commonwealth Of Massachusetts
Concord New Hampshire
Connecticut Conference of Municipalities
Contra Costa County, GA
Cook County
Copper Mountain Consolidated Metropolitan District
Coral Springs Improvement District
County of Alpena, MI
City of Vestavia Hills
County of Branch, MI
County of Brunswick, NC
County of Calhoun, SC
County of Carbon, PA
County of Carteret, NC
County of Clinton, MI
County of Eaton, MI
County of Fairfax, VA
County of Hanover, VA
County of Hillsdale, MI
County of Ingham, MI
County of Isabella, Michigan
County of Los Angeles
County of Marin
County of McLennan
County of Mecklenburg, NC
County of Mercer, NJ
County of Mobile, AL
County of Monroe, MI
County of Morris, NJ
County of Nevada, CA
County of Oceana, MI
County of Onslow, NC
County of Passaic, NJ
COUNTY OF PERRY, MO
County of Roanoke, Virginia
County of Rowan, NC
County of Saginaw, MI
County of San Diego
County of Santa Barbara
County of Sonoma Energy and Sustainability Division
County of St. Joseph, MI
County of Sumter, SC
County of Sussex, NJ
County of Winona
Courmayeur Municipality
Covington Water, WA
Coweta County, GA
Crawford County, MI
Crescenta Valley Water District
Cresskill Board of Education, NJ
Cucamonga Valley Water District
Cuyahoga County
Davidson County, NC
Davie County, NC
DeKalb County Board of Health
DeKalb County Government, GA
DeKalb County Government, IL
Delaware River Port Authority
Denver Water
Department of State Health Services
Desert Water Agency, CA
DeKalb County Government
Detroit, MI
Diablo Water District, CA
Dickinson County, KS
District of Columbia
District of Columbia Water and Sewer Authority
Douglas County, KS
Downers Grove Sanitary District, IL
DuPage County, IL
Eagle County, CO
Eagle River Water & Sanitation District
Eagle River Watershed Council
East Bay Dischargers Authority
East Bay Municipal Utility District
East Boulder County Water
Eastern New Mexico Water Utility Authority
Edgar County Probation Department
Edison Township, NJ
Egg Harbor Township, NJ
El Toro Water District
Elk Grove Village Public Library
Elk Grove Village, IL
Ellis County, KS
Elmhurst Park District
Elmore County Commission, AL
Emmet County, MI
Environmental Protection Agency
Evesham Township, NJ
Ewing Township, NJ
Fayette County Board of Commissioners, GA
Federal Emergency Management Agency
Finney County, KS
Florence County, SC
Floyd County, GA
Foothill Municipal Water District
Forest Preserve District of Will County, IL
Foresthill Public Utility District
Joint Meeting of Essex & Union County
Forsyth County Board of Commissioners, GA
Fort Collins-Loveland Water District
Fountain Creek Watershed Flood Control and Greenway District
Fox Lake, IL
Franklin County Board of County Commissioners
Fraser Michigan
Fulton County NY
Fulton County, GA
GA Department of Law (Atty. General's Office)
Galveston County
Gardnerville Ranchos GID
Genesee County, MI
Georgia Department of Law
Georgia Emergency Management Agency
Georgia Technology Authority
Glynn County, GA
Grandview Missouri
Great Lakes Water Authority
Greater Boise Auditorium District
Greater Cincinnati Water Works
Greater Cleveland Regional Transit Authority
Greater Monterey County Integrated Regional Water Management
Greenfield, MA
Greensboro, NC
Greenvale Township, MN
Grundy County, IL
Guilford County
Gulf Coast Authority
Gwinnett County Transit, GA
Habersham County, GA
Hainesport Township
Monroe County Sheriff's Office
Hall County, GA
Hampton Roads Sanitation District
NJ Office of Legislative Services
Hardyston Township, NJ
Harnett County, NC
Harris County Board of Commissioners
Harris County Commissioners Court
Harvey County, KS
Hawaii County
Hawaii Department of Transportation
Helix Water District
Hennepin County, MN
Henry County, GA
Hillsborough Township
Hoke County, NC
Hot Springs Village, AR
Howard County Government, IN
Hunterdon County, NJ
Illinois Medical District
Inland Empire Utilities Agency
Iowa Department of Natural Resources
Jackson County Board of Commissioners
James City County, VA
Jefferson City, MO
Jerome Township
Jersey City Municipal Utilities Authority
Johnson County, KS
Jones County Board of Commissioners
Jordan Valley Water Conservancy District
Kansas City Water
Kent County, MI
Kentuckiana Regional Planning and Development Agency
Kershaw County
King County, WA
King County, Washington
Kingsbury General Improvement District
Kitsap County, WA
LA Sanitation
Lake County Forest Preserve District
Lake County, IL
Lake Havasu City
Lakewood Police Department
Lakewood Township MUA
Lancaster Area Sewer Authority
Lander University, SC
Lane County, OR
Lapeer County Central Dispatch, MI
Larimer County, WY
Leavenworth County Kansas
Lenawee County, MI
Lenoir County, NC
Lewis County Chamber of Commerce
Lexington, NC
Liberty County Information Technology, GA
Livingston County, MI
London Borough of Newham
Long Beach Water Department
Los Alamos County, NM
Los Angeles Department of Water and Power
Louisiana House of Representatives, District 70
Louisville Metropolitan Sewer District
Lower Raritan Watershed Partnership
Lowndes County Board of Commissioners
Lowndes County, GA
Macomb County Government, IL
Macon-Bibb County Government, GA
Madison County, IL
Madison Water Utility
Malaga County Water District
Marin County, CA
Marin Municipal Water District
Marina Coast Water District
Marion County, SC
Markham, ON, Canada
Martin County, FL
McCall, ID
McHenry County Conservation District
McLean County Government, IL
McPherson County, KS
Mercer County Board of Social Services
Meridian Charter Township
Merrimack Valley Regional Transit Authority (MVRTA)
Mesa Water District
Metropolitan Sewer District of Greater Cincinnati
Metropolitan St. Louis Sewer District
Metropolitan Transit Authority
Metropolitan Transit Commission, Oakland, CA
Metropolitan Water District of Southern California
Metropolitan Water Reclamation District of Greater Chicago
Miami County, Kansas
Miami-Dade County, FL
Miami-Dade Water and Sewer Department
Michigan Department of Transportation
Mid-Peninsula Water District
Middlesex County Board of Social Services
Middlesex Regional Educational Services Commission
Milwaukee Metropolitan Sewerage District
Minnehaha County, ND
Mobile County License Commision
Mojave Water Agency
Monmouth County, NJ
Monte Vista Water District
Monterey County
Montgomery County Planning Commission
Morgan County, GA
Moulton Niguel Water District
Mount Prospect, IL
MT Department of Labor & Industry
Mukilteo School District
Municipal Association of SC
Municipality of Princeton, NJ
Municipality of Tijuana
Nassau County
National City, CA
Navajo County
Nebraska City
Nebraska DHHS
Neptune Township, NJ
Nevada Department of Health & Human Services
Nevada Department of Transportation
New Castle County
New Jersey Education Facilities Authority
New Providence BoED, NJ
New York City Housing Authority
New York State Assembly
Newberry County, SC
Newton County Board of Commissioners
NJ Turnpike Authority
Noble County Government, IN
North Hardin WSC
North Hudson Sewerage Authority, NJ
Northeast Ohio Regional Sewer District
Northern AZ Municipal Water Users Assoc.
Northern Illinois University
Northwest Colorado Council of Governments
NV Attorney General
NV Dept of Transportation
NY Army National Guard
NYCDOT
Nye County
Oak Brook Park District
Oakland County, CA
Oakland County, MI
Ocean County Utilities Authority, NJ
Orange County Sheriff's Office
Orange County Water District
Orange County, CA
Orange County, NC
Oregon Department of Transportation
Palatine Park District, IL
Palmdale Water District
Park District of Oak Park IL
Park Ridge Parks, IL
Pasadena Water & Power
Pasco County Government, FL
Paulding County, GA
Pender County, NC
Philadelphia Office of Emergency Management
Philadelphia Water Department
Pima County, AZ
Pinellas County, FL
Pitt County, NC
Pittsburgh Water and Sewer Authority
Plaquemines Parish
Pokagon Band of Potawatomi, MI
Polk County Clerk of Courts & Comptroller
Port of San Diego
Port of San Francisco
Port Orchard, WA
Portland Water District, ME
Prairie View Village, KS
Prince George's County, MD
Prince William County, VA
Princeton, NJ
Fort Bend Municipal Utility District No. 142
National Association of State Workforce Agencies
Sabine Parish Police Jury
Providence Water Supply Board, RI
State of Oregon, Department of Administrative Services
UNC-Environmental Finance Center
Purissima Hills Water District
Rankin County Sheriff's Office
Hellenic Republic
Readington Township
Riley County Police Department
Riley County, KS
Rio Rancho, MN
NOAA
Rockaway Township, NJ
Rockford Park District, IL
Rosebud Sioux Tribe
Roswell, GA
Rutland Regional Planning Commission, VT
Sacramento County
Saint Paul Regional Water Services
Saline County, KS
Salt Lake County
San Antonio River Authority
Scottsdale
Monmouth
Philadelphia
San Bernardino Valley Municipal Water District
San Diego Gas & Electric
San Diego Local Agency Formation Commission (LAFCO)
SeaTac
San Diego Water Authority
San Francisco Bay Conservation & Development Commission
San Francisco Municipal Transportation Agency
San Francisco Public Utilities Commission
San Gabriel Valley Municipal Water District
San Jacinto, CA
San Lorenzo Valley Water District
Lorain
San Mateo County
MARYVILLE
San Miguel County
Sangamon County, IL
Sanilac County, MI
Santa Ana Watershed Project Authority
Santa Clara County, CA
Santa Clara Valley Water District
Santa Cruz Water Commission
Santa Fe County
Santa Margarita Water District
Sauk County, WI
SC Department of Revenue, SC
SC Public Service Commission, SC
SC Retirement Systems, SC
SC Student Loan Corporation, SC
Miami-Dade
SC Technical College System, SC
Veteran's Affairs
Clark County
ATHENS
Schaumburg Park District
Morrisville
School District of Palm Beach County
Sedgwick County, KS
Sewerage and Water Board of New Orleans
Shawnee County
Silicon Valley Clean Water
Somerset County, NJ
Soquel Creek Water District
South Carolina Department of Health and Environmental Control
South Carolina Legislature
South Carolina Public Employee Benefit Authority
South Coast Water District
South Norwalk Electric and Water
South St. Paul, MN
Spartanburg County, SC
Spotsylvania County, VA
MD DHCD
Austintown
St Clair County Commission, AL
St. Charles Park District
Stafford County
WSDOT
State Law Enforcement Division - SC
California Governor\'s Office of Emergency Services
State of California
State of Georgia - Department of Agriculture
State of Hawaii
State of Illinois
State of Maryland
State of Massachusetts
State of North Carolina working with all 100 counties
State of Michigan/DTMB/CSS
State of Minnesota
State of Nevada - Department of Administration
State of Nevada - Department of Health & Human Services
Naval Air Warfare Center Aircraft Div.
State of New Mexico
State of New York
State of North Carolina
Metropolitan Water and Sewer District Southern California
State of Oregon Dept of Land Conservation & Development
Corcoran
State of Texas
State of Washington
State of Wyoming
Stockholm Water and Waste
Stony Brook Regional Sewerage Authority
Suffolk County, NY
Summit County Government
Summit County, UT
Tahoe Regional Planning Agency
Tallahasse-Leon County Florida
Tampa, FL
Taos Pueblo, NM
Tazewell County, IL
Texas Water Development Board
Thames coromandel district council
The Metropolitan District Commission - Hartford, CT
The Northwestern Water and Sewer District, OH
The Regional Municipality of York, CAN
The Town of Orangetown, SC
Thompson Household
Texas
Touloume Utilities District
Town of Aberdeen
Town of Acton, MA
Town of Alta, UT
Town of Amalga, UT
Town of Amherst, MA
Town of Apex, NC
Town of Arlington, MA
Town of Bernalillo, NM
Town of Berthoud, CO
Town of Beulaville
Town of Blacksburg, VA
Town of Bloomfield, CT
Town of Brookfield, CT
Town of Brookline, MA
Town of Camp Verde, AZ
Town of Cape Charles, VA
Town of Carbondale, CO
Town of Castle Rock
Stamford (CT) Downtown Special Services District
Town of Cheyenne Wells, WY
Town of Christiansburg, VA
Town of Clarkdale, AZ
Town of Colchester
Town of Crested Butte
Town of Dillon
Town of Dryden
Town of Durham, CT
Town of East Greenwich, RI
Town of East Hartford, CT
Town of East Spencer
Town of Enfield, CT
Town of Erie, CO
Town of Fairfield, CT
Town of Falmouth, ME
Town of Federalsburg
Town of Florence, AZ
Town of Fort Laramie
Town of Frederick, CO
Town of Frisco, CO
Town of Garland
Town of Glastonbury, CT
Town of Glocester, RI
Town of Greenwich, CT
Town of Groton, CT
Town of Guilford
Town of Halifax, MA
Town of Hamden, CT
Town of Harrison, NJ
Town of Highlands
Town of Hillsborough, CA
Town of Ipswich, MA
Town of Johnstown, CO
Town of Ledyard, CT
Town of Lexington, MA
Town of Lincoln, MA
Carollo Engineers
Town of Lochbuie, CO
Town of Manchester by the Sea
Town of Manchester, CT
Town of Mancos, CO
Town of Mansfield, CT
Town of Marana, AZ
Town of Mead, CO
Town of Middletown, RI
Town of Morristown
Town of Morrisville, NC
Town of Narragansett, RI
Town of Newington, CT
Town of Normal, IL
Town of North Branford
Town of North Haven, CT
Town Of North Kingstown, RI
Town of Oak Grove, LA
Town of Palisade, CO
Town of Pantego, Texas
Town of Penfield, NY
Town of Portsmouth, RI
Town of Prosper, TX
Town of Queen Creek
Town of Red River, NM
Town of Ridgefield, CT
Town of Ridgway, CO
Town of Rolesville
Town of Severance, Co
Town of Shrewsbury,  MA
Town of Simsbury, CT
Town of South Fork, CO
Town of South Kingstown, RI
Town of South Windsor, CT
Town of St. Michaels
Town of Stem
Town of Stockton, UT
Town of Stonington IT Department
Town of Stratford, CT
Town of Sturbridge, MA
Town of Trumbull
Town of Vail, CO
Town of Vernon, CT
Town of Wallingford, CT
Town of Watertown, CT
Town of Wellington, CO
Town of West Hartford, CT
Town of West Springfield
Town of Westwood, MA
Town of Wilton, CT
Town of Windsor (CA)
Town of Winter Park
Town of Yorktown
Town of Zebulon
Town Trail Creek
Township of Bloomfield, NJ
Township of Denville, NJ
Township of Franklin, NJ
Township of Hillsborough, NJ
Township of Holmdel, NJ
Township of Livingston, NJ
Township of Middletown, NJ
Township of Montclair, NJ
Township of Mount Olive New Jersey
Township of North Brunswick, NJ
Township of Old Bridge, NJ
Township of Parsippany-Troy Hills, NJ
Township of Plainsboro, NJ
Township of Plymouth, MI
Township of Roxbury,  NJ
Township of South Brunswick, NJ
Township of South Orange Village, NJ
Township of Verona
Township of Wayne, NJ
Township of West Milford, NJ
Kansas City Water Services
Township of Woodbridge, NJ
Truckee Meadows Water Authority
Tuckaseigee Water and Sewer Authority (TWSA)
Tucson Water
Tuscola County, MI
Two Rivers Water Reclamation Authority
Ulster County Government, NY
United States Government Accountability Office
US Bureau of Labor Statistics
Utah Office of Outdoor Recreation
Valley Of The Moon Water District
Van Buren County, MI
Van Buren Township, MI
Ventura County
Ventura County Public Works
Village Of Addison, IL
Village of Antioch, IL
Village of Arlington Heights, IL
Village of Barrington, IL
Village of Bartlett, IL
Village of Bayside, WI
Village of Bloomingdale, IL
Village of Bolingbrook, IL
Village of Carol Stream, IL
Village of Cloudcroft, NM
Village of Deerfield, iL
Village of Downers Grove, IL
Village of Flossmoor, IL
Village of Glen Ellyn, IL
Village of Glencoe, IL
Village of Godfrey, IL
Village of Gurnee, IL
Village of Hanover Park, IL
Village of Hoffman Estates, IL
Village of Homer Glen
Village of Island Lake, IL
Village of Lake Barrington
Village of Lake In The Hills, IL
Village of Lake Zurich, IL
Village of Lombard, IL
Village of Mayfield, NY
Village of Maywood, IL
Village of Mc Farland, WI
The Atlas Community Team
Village of Milford, MI
Village of Minooka, IL
Village of Morton Grove, IL
Village of Mount Prospect, IL
Village of Mundelein, IL
Village of Niles, IL
Village of North Aurora, IL
Manhattan Community Board 5
Village of Northbrook, IL
Village of Oak Brook, IL
Village of Oak Park, IL
Village of Orland Park, IL
Village of Oswego, IL
Village of Palatine, IL
The Atlas City Advisory Team
Village of Palm Springs
Sabine River Authority of Texas- Environmental Services Division
SAN LUIS OBISPO
Village of Pinehurst, NC
Village of Plainfield, IL
Village of Questa, NM
Village of Romeoville, IL
Village of Rosemont, IL
U.S. EPA
Village of Schaumburg, IL
Minnesota IT Services
Village of Skokie, IL
Village of Streamwood, IL
Village of Taos Ski Valley, NM
Village of Tijeras, NM
Village of Tinley Park
Village of Villa Park,  IL
Village of Western Springs, IL
Village of Wheeling, IL
Village of Wilmette, IL
HOUMA
Village of Winneconne, WI
Walker County
Washington City, UT
Hillsborough
Washington Metrorail Safety Commission
California Governor/'s Office of Business and Economic Development
Washington state
Washington State DOT
Washington Township Morris, NJ
Washoe County, NV
Washtenaw County Water Resources Commissioner's Office
Washtenaw County, MI
Water Environment Federation (WEF)
Waterfront Toronto
Waukegan Park District, IL
Wayne County, NC
West Basin Municipal Water District
West Kern Water District
West Windsor Township, NJ
Western Municipal Water District
Westmoreland County
Wilmette Park District
Wisconsin Department of Transportation
Wise County, Virginia
Woodbridge Township School District, NJ
Woodridge Park District
Workplace Safety and Insurance Board
WSSC Water, MD
Yorba Linda Water District
York County, SC
Yuba County Water Agency
City of Chaska, MN
City of Mendota Heights, MN
City of Washington DC Police Department
City of Richmond, CA Police Department 
Clackamas County, OR Police Department
San Antonio, TX Police Department
City of Pismo Beach
City of Milwaukee, MN
New York City School Construction Authority IT Department
Utah Department of Technology Services
United Kingdom's Driver and Vehicle Licensing Agency (DVLA)
Seattle IT Department
St. George Energy Services
Independence Power and Light Department
City of Louisville
City of Mount Vernon
Rockford, IL IT Department
City of Hagerstown, MD
Town of Glendale Heights 
Town of West Dundee
City of Kansas City
City of Marietta
City of Washington DC
Harris County, TX
Georgia Department of Education